CPUUtilization_Average,NetworkIn_Average,NetworkOut_Average,MemoryUtilization_Average,Final_Target
47,237680598,239043377,52.91314954,47.77583879
46,259965162,258764450,52.78844261,47.15173944
42,233246999,218742552,46.68909772,42.35888502
33,194803090,185055560,41.72902283,35.66691474
31,171400566,163390599,40.33998435,34.3093731
37,183125327,174387148,40.53621278,36.91196676
43,214127954,204003876,43.29135651,41.19404886